percentile,n_deserts,pct_of_tracts,jaccard_vs_baseline,mean_median_income,mean_pct_nonwhite
0.2,99,20.0,0.7983870967741935,65712.16113966171,58.45385091438392
0.25,124,25.050505050505052,1.0,63853.95668910631,59.074000231302534
0.3,149,30.1010101010101,0.8322147651006712,63157.95235665278,59.157952534222
