percentile,n_deserts,pct_of_tracts,jaccard_vs_baseline,mean_median_income,mean_pct_nonwhite
0.2,223,20.0,0.7992831541218638,80802.62854381022,45.592289687210766
0.25,279,25.022421524663677,1.0,78900.6540312602,47.155949919350626
0.3,335,30.044843049327355,0.8328358208955224,77097.61106593939,48.060518629553606
