percentile,n_deserts,pct_of_tracts,jaccard_vs_baseline,mean_median_income,mean_pct_nonwhite
0.2,267,20.045045045045047,0.8018018018018018,97092.03018867924,51.358387512696154
0.25,333,25.0,1.0,96768.84592145015,51.520017325198694
0.3,400,30.03003003003003,0.8325,98223.0351758794,51.184210244053794
