percentile,n_deserts,pct_of_tracts,jaccard_vs_baseline,mean_median_income,mean_pct_nonwhite
0.2,223,20.0,0.7992831541218638,95587.7590909091,63.0232366743381
0.25,279,25.022421524663677,1.0,94062.64855072464,64.40585520509367
0.3,335,30.044843049327355,0.8328358208955224,94202.50303030304,64.94691308444543
