percentile,n_deserts,pct_of_tracts,jaccard_vs_baseline,mean_median_income,mean_pct_nonwhite
0.2,99,20.0,0.7983870967741935,61402.7305094981,59.1230579349287
0.25,124,25.050505050505052,1.0,60437.79421948672,59.98063459148256
0.3,149,30.1010101010101,0.8322147651006712,60142.9225089338,60.94562752305482
