percentile,n_deserts,pct_of_tracts,jaccard_vs_baseline,mean_median_income,mean_pct_nonwhite
0.2,267,20.045045045045047,0.8018018018018018,83861.81222436573,42.79515407566162
0.25,333,25.0,1.0,80859.89045820995,44.82207765792218
0.3,400,30.03003003003003,0.8325,78382.20054267728,46.981855261342076
