variable,r,p_value,ci_low,ci_high,n
median_income,-0.08454981064881277,0.0021338528219778745,-0.137936470740039,-0.030673269244013323,1317
pct_nonwhite,0.13974620328033194,3.172398291044365e-07,0.08660485980895898,0.19209455116467178,1328
pct_no_vehicle,0.5618943962360126,2.228592779947715e-111,0.5239383902486756,0.5976232311248457,1328
pct_renter,0.5758866795807547,3.6238134040928447e-118,0.5387849520228596,0.6107587793811384,1328
