variable,r,p_value,ci_low,ci_high,n
median_income,-0.37200162226462846,1.0817847159822077e-17,-0.4455275136015907,-0.2934911387353637,495
pct_nonwhite,0.16520241948836314,0.00022282587425951326,0.07820836895419346,0.24969960181614287,495
pct_no_vehicle,0.2595276372349905,4.6221405566294854e-09,0.17540695573546272,0.3398862041494612,495
pct_renter,0.31442891515472066,8.049141010379464e-13,0.23274590513234245,0.391706880776565,495
