variable,r,p_value,ci_low,ci_high,n
median_income,-0.27174975264421064,8.2226381100011e-10,-0.35154371843615523,-0.18803579868948864,494
pct_nonwhite,0.10192775562595022,0.023474540757349577,0.013830139067954701,0.18845509766798485,494
pct_no_vehicle,0.6910004068739508,2.3350713292925e-71,0.6419101854144265,0.7344493113757944,494
pct_renter,0.6856532834637812,7.349080922054808e-70,0.63589648434204,0.7297338871010177,494
