variable,r,p_value,ci_low,ci_high,n
median_income,-0.5154218381839719,6.087587439255081e-35,-0.5773290958946419,-0.4476225923734403,495
pct_nonwhite,0.2505239279231764,1.6039043723749114e-08,0.16605763007482252,0.331340877245497,495
pct_no_vehicle,0.38780388142834804,3.267858491407199e-19,0.3102758122393905,0.4602075506321444,495
pct_renter,0.42645418951637204,2.7111711234032645e-23,0.35153369068664103,0.49594697595855824,495
