variable,r,p_value,ci_low,ci_high,n
median_income,-0.6767792111705065,3.1979270516330037e-150,-0.7073812005643735,-0.643644833355892,1115
pct_nonwhite,0.5467641106920432,6.293018336592991e-88,0.5042421195950777,0.5866411479707797,1115
pct_no_vehicle,0.6204399730485645,1.304942540308029e-119,0.582966516634753,0.6552794536994051,1115
pct_renter,0.6044682706520988,4.951447353596621e-112,0.5658404339485682,0.6404484898995689,1115
