variable,r,p_value,ci_low,ci_high,n
median_income,-0.09310292668757468,0.0019754727656679932,-0.15132417037756085,-0.03423793957743417,1102
pct_nonwhite,0.0966184119897643,0.0012560897480089965,0.03804752175697075,0.1545277056970801,1112
pct_no_vehicle,0.3423707506108189,6.57364293964202e-32,0.28938433802701513,0.39326541306686197,1111
pct_renter,0.45707393491423465,1.9150367096806924e-58,0.4092623067539287,0.5023823021756896,1111
