variable,r,p_value,ci_low,ci_high,n
median_income,-0.7402860922881379,1.3252839504003095e-231,-0.7636340770899381,-0.715004503682606,1332
pct_nonwhite,0.6159821695528989,5.6731256677639925e-140,0.5815101085052184,0.6482462429991986,1332
pct_no_vehicle,0.7013264039362761,9.404827289290112e-198,0.6729650096855089,0.7276286564905045,1332
pct_renter,0.6712425175076864,3.599254611094107e-175,0.640627845371989,0.6997264796449267,1332
