city,n_tracts,mean,std,min,q25,median,q75,max,iqr,pct_mobility_desert,pct_compounded_desert,demographics_real
Chicago,1332,43.42056652318261,14.775203932270484,4.77733659110981,31.466917556793668,47.93106811740766,54.76180582631564,79.09394531304618,23.29488826952197,25.0,14.714714714714713,False
Houston,1115,44.87194920396408,15.596861198940047,3.033088337354963,32.448787160596595,46.0874319493661,57.02368736106257,91.85812014129098,24.574900200465976,25.02242152466368,23.856502242152466,False
Seattle,495,44.49595677084047,14.069280410010334,2.0136065687939646,35.26043315295807,44.89819362431656,53.84928153075461,91.97442243759869,18.588848377796538,25.050505050505052,23.434343434343436,False
