city,I,expected_I,z_score,p_value,n
Chicago,0.9180947663299858,-0.0007513148009015778,59.86592726524416,0.001,1332
Houston,0.8921614250607618,-0.0008976660682226212,53.56740914673645,0.001,1115
Seattle,0.8328326694100853,-0.0020242914979757085,33.41819039193422,0.001,495
