city,I,expected_I,z_score,p_value,n
Chicago,0.9168175299573069,-0.0007513148009015778,59.08229558386451,0.001,1332
Houston,0.8921614250607618,-0.0008976660682226212,53.87596682454854,0.001,1115
Seattle,0.8012735250749967,-0.0020242914979757085,30.547741672009597,0.001,495
