city,I,expected_I,z_score,p_value,n
Chicago,0.9157337089587818,-0.0007513148009015778,61.16689948086086,0.001,1332
Houston,0.861274913218167,-0.0008976660682226212,51.6416606661589,0.001,1115
Seattle,0.8202156349953985,-0.0020242914979757085,31.099976914388048,0.001,495
